iter	RMSE
0	30.28236978
999	11.06557567
